Model,Jenis Ringkasan,Output
gp,a,"Dua orang membahas gawai berupa smartphone yang baru dirilis; mereka tertarik dengan fitur canggihnya seperti kamera zoom dan baterai yang awet; keduanya ragu untuk membeli karena harganya yang mahal, yaitu hampir sepuluh juta rupiah; mereka memutuskan untuk menunda pembelian dan menunggu harga turun; keduanya sepakat untuk saling mengabari jika ada informasi promo besar seperti diskon akhir tahun."
gp,b,"Dua orang sedang mendiskusikan sebuah smartphone keluaran terbaru yang memiliki fitur-fitur canggih. Meskipun mereka sangat tertarik, harga yang tinggi menjadi penghalang utama untuk melakukan pembelian saat ini. Oleh karena itu, keduanya sepakat bahwa lebih bijaksana untuk menunggu momen yang tepat, seperti saat ada diskon besar atau promo akhir tahun."
cgpt,a,"Dua orang membicarakan smartphone baru yang rilis kemarin; mereka menilai fitur kamera, desain tipis, baterai awet, dan layar terang; harga hampir sepuluh juta dianggap mahal; mereka mempertimbangkan untuk menunda pembelian sampai ada diskon atau promo; mereka sepakat saling kabari jika ada promo agar bisa beli bareng."
cgpt,b,"Dua orang berdiskusi tentang smartphone baru yang rilis kemarin dengan fitur unggulan seperti kamera zoom, baterai tahan lama, dan desain tipis. Namun harganya hampir sepuluh juta membuat mereka ragu membeli sekarang. Mereka sepakat menunggu promo atau diskon sebelum membeli. Jika ada penawaran menarik, mereka berencana membeli bersama."
qw,a,"Speaker 1 dan 2 membahas smartphone baru yang rilis kemarin dengan fitur kamera zoom 10x, desain tipis, baterai awet, dan layar terang; harga hampir sepuluh juta membuat mereka ragu beli sekarang; mereka sepakat menunggu beberapa bulan karena harga kemungkinan turun atau ada promo akhir tahun; alasan menunda juga karena HP lama masih mencukupi kebutuhan kuliah dan chat; mereka akan saling memberi tahu jika ada promo besar atau cashback agar bisa beli bersama."
qw,b,"Dua orang membahas smartphone baru yang baru rilis, tertarik dengan fitur canggihnya tapi terkendala harga yang mahal. Mereka memutuskan menunda pembelian karena HP lama masih memadai dan berharap harga turun atau ada promo akhir tahun. Mereka sepakat saling mengingatkan jika ada diskon besar agar bisa membeli bersama."
ds,a,"Dua orang membahas smartphone baru yang kameranya bisa zoom 10x tanpa pecah; Harganya hampir sepuluh juta rupiah; Fitur unggulan lainnya adalah desain tipis, baterai awet seharian, dan layar terang; Mereka mempertimbangkan untuk menunggu hingga harga turun atau ada promo; Rencana untuk membeli jika ada diskon besar atau cashback."
ds,b,"Dua orang sedang mendiskusikan smartphone baru dengan fitur kamera zoom 10x dan desain yang tipis. Mereka menganggap harganya terlalu mahal dan memutuskan untuk menunggu hingga ada diskon atau promo cashback. Keduanya sepakat untuk saling memberi tahu jika ada informasi promo sehingga bisa membeli bersama-sama."
