Model,Jenis Ringkasan,Output
gp,a,"Dua rekan satu tim futsal membahas rencana latihan; latihan akan diadakan sore ini pukul lima di lapangan; tujuan latihan adalah untuk persiapan menghadapi lawan kuat minggu depan; mereka akan fokus melatih stamina, passing cepat, dan strategi set piece; mereka juga sepakat untuk melakukan evaluasi singkat setelah latihan selesai."
gp,b,"Dua orang rekan satu tim merencanakan sesi latihan futsal mereka untuk sore ini. Dalam rangka persiapan menghadapi pertandingan penting minggu depan, mereka membahas fokus latihan yang akan dilakukan, seperti meningkatkan stamina dan memperbaiki strategi permainan. Keduanya juga setuju untuk mengadakan evaluasi singkat setelah latihan untuk perbaikan tim."
cgpt,a,"Dua pemain futsal berencana latihan sore ini jam lima di lapangan; mereka menyiapkan perlengkapan termasuk sepatu cadangan; lawan minggu depan dianggap kuat sehingga mereka fokus pada stamina, passing, set piece, dan koordinasi; peran latihan ditentukan yaitu satu sebagai keeper dan satu sebagai striker; setelah latihan akan ada evaluasi untuk memperbaiki kekurangan."
cgpt,b,"Dua pemain membahas jadwal latihan futsal sore ini jam lima di lapangan sebagai persiapan menghadapi lawan yang kuat minggu depan. Mereka menekankan latihan stamina, passing, koordinasi, serta set piece. Peran latihan dibagi sebagai keeper dan striker. Setelah latihan mereka sepakat melakukan evaluasi agar tim lebih siap dan kompak."
qw,a,"Speaker 1 dan 2 akan latihan futsal sore ini jam lima di lapangan; mereka membahas persiapan menghadapi lawan kuat minggu depan dengan fokus pada stamina, passing cepat, set piece, dan peran masing-masing (keeper dan striker); latihan termasuk pemanasan lari, lemparan ke dalam, dan evaluasi setelah latihan; tujuannya meningkatkan koordinasi dan kesiapan agar menang saat pertandingan; Speaker 1 bawa sepatu cadangan untuk antisipasi kerusakan."
qw,b,"Dua pemain futsal sepakat latihan sore ini jam lima untuk mempersiapkan pertandingan melawan tim kuat minggu depan. Mereka fokus pada peningkatan stamina, koordinasi, dan teknik seperti passing, set piece, serta peran spesifik di lapangan. Setelah latihan, mereka akan evaluasi bersama demi perbaikan dan kekompakan tim agar bisa menang saat bertanding."
ds,a,"Dua pemain membahas persiapan latihan futsal sore ini; Latihan akan dilakukan di lapangan pada jam lima; Fokus latihan adalah stamina, passing cepat, dan set piece; Mereka akan berlatih untuk persiapan melawan lawan yang kuat minggu depan; Setelah latihan, mereka akan melakukan evaluasi."
ds,b,"Dua pemain futsal berencana untuk latihan sore ini di lapangan pukul lima. Mereka berfokus pada peningkatan stamina, passing cepat, dan set piece untuk menghadapi lawan yang kuat minggu depan. Setelah latihan, mereka akan melakukan evaluasi bersama untuk mengetahui hal-hal yang perlu diperbaiki."
