Model,Jenis Ringkasan,Output
gp,a,"Dua mahasiswa membahas tugas kuliah daring dari Pak Budi; tugas tersebut berupa laporan PDF dengan analisis data menggunakan Python; tenggat waktu pengumpulan tugas adalah besok; mereka berencana mengerjakannya bersama secara daring malam ini pukul delapan melalui Google Meet; kolaborasi ini bertujuan untuk membantu salah satu mahasiswa yang masih bingung dengan instruksi tugas."
gp,b,"Dua orang mahasiswa membicarakan tugas kuliah daring yang akan jatuh tempo besok. Karena salah satunya masih bingung dengan instruksi, terutama bagian analisis data, mereka sepakat untuk mengerjakannya bersama-sama secara daring. Keduanya akan berkolaborasi melalui Google Meet pada malam hari agar tugas tersebut dapat diselesaikan tepat waktu."
cgpt,a,"Mahasiswa membicarakan tugas kuliah daring dari Pak Budi; mereka bingung instruksi lalu mendapat klarifikasi dari grup kelas; tugas harus berbentuk laporan PDF dengan bagian analisis data; deadline besok sehingga mereka sepakat mengerjakan bersama malam ini lewat Google Meet; mereka akan menggunakan Python di Jupyter Notebook untuk analisis data."
cgpt,b,"Dua mahasiswa membahas tugas kuliah daring dari Pak Budi yang harus berupa laporan PDF dengan analisis data. Karena deadline besok, mereka sepakat mengerjakan bersama malam ini lewat Google Meet. Mereka juga menyiapkan data dari LMS dan berencana memakai Python di Jupyter Notebook agar sesuai dengan preferensi dosen."
qw,a,"Speaker 1 dan 2 membahas tugas kuliah daring dari Pak Budi yang deadline-nya besok; format tugas wajib PDF dengan analisis data; mereka sepakat ngerjain bareng via Google Meet malam ini jam delapan; Speaker 2 belum download data contoh dari LMS dan akan lakukan sebelum pulang; analisis data disarankan pakai Python karena preferensi dosen, dan Speaker 1 akan bantu lewat Jupyter Notebook."
qw,b,"Dua mahasiswa membahas tugas kuliah daring dari Pak Budi yang deadline-nya besok, dengan format PDF dan analisis data. Mereka sepakat mengerjakan bersama via Google Meet malam ini, sambil saling membantu—terutama dalam analisis data menggunakan Python. Speaker 2 akan segera download data dari LMS sebelum pulang agar malamnya bisa fokus mengerjakan."
ds,a,"Dua mahasiswa membahas tugas kuliah daring dari Pak Budi; Tugas memiliki deadline besok; Tugas harus dikumpulkan dalam format laporan PDF dan mencakup analisis data; Mereka berencana mengerjakan bersama via Google Meet malam ini jam delapan; Mereka akan menggunakan Python dan Jupyter Notebook untuk analisis data."
ds,b,"Dua mahasiswa berdiskusi mengenai tugas kuliah yang diberikan Pak Budi. Mereka menyepakati untuk mengerjakannya bersama-sama melalui Google Meet pada pukul delapan malam karena deadline-nya sudah dekat, yaitu besok. Tugas tersebut mengharuskan mereka membuat laporan dalam format PDF dan melakukan analisis data menggunakan Python."
